,Country,IdYear,NACE,IA_Adoption,GDPCap,Educ_Rate,Unemp_Rate,Share_Sector
0,Austria,23,C,0.05520297674418604,45510.0,0.38791161277108976,0.051,0.16842224487484425
1,Austria,23,D,0.12675350000000002,45510.0,0.38791161277108976,0.051,0.006025597462906331
2,Austria,23,E,0.014525,45510.0,0.38791161277108976,0.051,0.004145429833503227
3,Austria,23,F,0.010688,45510.0,0.38791161277108976,0.051,0.07908030354513536
4,Austria,23,G,0.030138636363636364,45510.0,0.38791161277108976,0.051,0.14262090837014385
5,Austria,23,H,0.02078,45510.0,0.38791161277108976,0.051,0.04843130592366067
6,Austria,23,I,0.0196238,45510.0,0.38791161277108976,0.051,0.05336957752859893
7,Austria,23,J,0.1247925,45510.0,0.38791161277108976,0.051,0.035156869407633934
8,Austria,23,L,0.03340666666666663,45510.0,0.38791161277108976,0.051,0.007588628383735417
9,Austria,23,M,0.07017041666666667,45510.0,0.38791161277108976,0.051,0.06392569939970551
10,Austria,23,N,0.024059,45510.0,0.38791161277108976,0.051,0.036176237399478985
11,Austria,24,C,0.09496465,44740.0,0.39439375668357946,0.052000000000000005,0.1600009048545446
12,Austria,24,D,0.08485899999999995,44740.0,0.39439375668357946,0.052000000000000005,0.005406505904175903
13,Austria,24,E,0.08442649999999995,44740.0,0.39439375668357946,0.052000000000000005,0.0033479618151382165
14,Austria,24,F,0.01836875,44740.0,0.39439375668357946,0.052000000000000005,0.07799846174727412
15,Austria,24,G,0.050771000000000004,44740.0,0.39439375668357946,0.052000000000000005,0.14147400805320542
16,Austria,24,H,0.043708,44740.0,0.39439375668357946,0.052000000000000005,0.04816088313803556
17,Austria,24,I,0.07406033333333333,44740.0,0.39439375668357946,0.052000000000000005,0.054698457223001394
18,Austria,24,J,0.2118354285714286,44740.0,0.39439375668357946,0.052000000000000005,0.035085734968103875
19,Austria,24,L,0.08179966666666666,44740.0,0.39439375668357946,0.052000000000000005,0.008912817264624711
20,Austria,24,M,0.11976525,44740.0,0.39439375668357946,0.052000000000000005,0.06671040130299055
21,Austria,24,N,0.059249666666666666,44740.0,0.39439375668357946,0.052000000000000005,0.038184861783468305
22,Belgium,23,C,0.03309713207547169,44120.0,0.5035828909388184,0.055,0.1151145343603081
23,Belgium,23,D,0.0,44120.0,0.5035828909388184,0.055,0.00616184855456637
24,Belgium,23,E,0.007744666666666666,44120.0,0.5035828909388184,0.055,0.006301890567170151
25,Belgium,23,F,0.016921375,44120.0,0.5035828909388184,0.055,0.06655996799039712
26,Belgium,23,G,0.019930904761904757,44120.0,0.5035828909388184,0.055,0.12151645493648093
27,Belgium,23,H,0.01867012499999999,44120.0,0.5035828909388184,0.055,0.0544963489046714
28,Belgium,23,I,0.020515571428571428,44120.0,0.5035828909388184,0.055,0.03859157747324197
29,Belgium,23,J,0.06762073333333334,44120.0,0.5035828909388184,0.055,0.040652195658697605
30,Belgium,23,L,0.013165857142857144,44120.0,0.5035828909388184,0.055,0.007762328698609583
31,Belgium,23,M,0.06624038461538462,44120.0,0.5035828909388184,0.055,0.06631989596879063
32,Belgium,23,N,0.0208478125,44120.0,0.5035828909388184,0.055,0.060338101430429135
33,Belgium,23,S,0.047619,44120.0,0.5035828909388184,0.055,0.01984595378613584
34,Belgium,24,C,0.08153937999999998,44300.0,0.500331252133063,0.057,0.11381419549588911
35,Belgium,24,D,0.10204066666666667,44300.0,0.500331252133063,0.057,0.005779084084680463
36,Belgium,24,E,0.03121,44300.0,0.500331252133063,0.057,0.007308257536640585
37,Belgium,24,F,0.0245245,44300.0,0.500331252133063,0.057,0.06817730468284545
38,Belgium,24,G,0.047120772727272726,44300.0,0.500331252133063,0.057,0.12036779600428964
39,Belgium,24,H,0.033670624999999996,44300.0,0.500331252133063,0.057,0.055804901298804464
40,Belgium,24,I,0.018672583333333322,44300.0,0.500331252133063,0.057,0.03779242959844303
41,Belgium,24,J,0.10497581818181817,44300.0,0.500331252133063,0.057,0.04071176073400326
42,Belgium,24,L,0.0083456,44300.0,0.500331252133063,0.057,0.006176271994280494
43,Belgium,24,M,0.09071058333333333,44300.0,0.500331252133063,0.057,0.06416570679588512
44,Belgium,24,N,0.048690384615384594,44300.0,0.500331252133063,0.057,0.06015410890892482
45,Belgium,24,S,0.05102042857142857,44300.0,0.500331252133063,0.057,0.02134885014100171
46,Bulgaria,23,C,0.006602416666666667,10970.0,0.34025587411843927,0.043,0.1863585668479019
47,Bulgaria,23,D,0.0,10970.0,0.34025587411843927,0.043,0.009131465216785166
48,Bulgaria,23,E,0.0,10970.0,0.34025587411843927,0.043,0.008713230168688137
49,Bulgaria,23,F,0.0,10970.0,0.34025587411843927,0.043,0.08566847901854176
50,Bulgaria,23,G,0.0065829999999999994,10970.0,0.34025587411843927,0.043,0.17004739997211768
51,Bulgaria,23,H,0.0024845,10970.0,0.34025587411843927,0.043,0.07033319392165063
52,Bulgaria,23,I,0.0020406666666666668,10970.0,0.34025587411843927,0.043,0.05098982294716298
53,Bulgaria,23,J,0.04482966666666667,10970.0,0.34025587411843927,0.043,0.04119615223755751
54,Bulgaria,23,L,0.0,10970.0,0.34025587411843927,0.043,0.004670291370416841
55,Bulgaria,23,M,0.03310183333333334,10970.0,0.34025587411843927,0.043,0.03886100655234909
56,Bulgaria,23,N,0.00675025,10970.0,0.34025587411843927,0.043,0.030775128955806495
57,Bulgaria,23,S,0.0,10970.0,0.34025587411843927,0.043,0.017984107068172314
58,Bulgaria,24,C,0.018126105263157895,11300.0,0.37514180374361883,0.042,0.17629296724131877
59,Bulgaria,24,D,0.0744829999999999,11300.0,0.37514180374361883,0.042,0.010357782381236615
60,Bulgaria,24,E,0.0,11300.0,0.37514180374361883,0.042,0.005477335767704786
61,Bulgaria,24,F,0.0,11300.0,0.37514180374361883,0.042,0.08244092552930024
62,Bulgaria,24,G,0.021530375,11300.0,0.37514180374361883,0.042,0.17857519047786244
63,Bulgaria,24,H,0.0159175,11300.0,0.37514180374361883,0.042,0.06941469751764334
64,Bulgaria,24,I,0.013313499999999999,11300.0,0.37514180374361883,0.042,0.049366244162775186
65,Bulgaria,24,J,0.10012,11300.0,0.37514180374361883,0.042,0.04213335205926759
66,Bulgaria,24,L,0.0,11300.0,0.37514180374361883,0.042,0.004950668866963941
67,Bulgaria,24,M,0.062764,11300.0,0.37514180374361883,0.042,0.04125557389136617
68,Bulgaria,24,N,0.005431,11300.0,0.37514180374361883,0.042,0.026298233910326187
69,Bulgaria,24,S,0.0,11300.0,0.37514180374361883,0.042,0.019978231101436046
70,Croatia,23,C,0.0503244358974359,16060.0,0.32706222865412443,0.061,0.17029304490001257
71,Croatia,23,D,0.026044,16060.0,0.32706222865412443,0.061,0.0068544837127405365
72,Croatia,23,E,0.020722,16060.0,0.32706222865412443,0.061,0.018991321846308643
73,Croatia,23,F,0.00765375,16060.0,0.32706222865412443,0.061,0.07571374669852848
74,Croatia,23,G,0.020332454545454546,16060.0,0.32706222865412443,0.061,0.14394415796755125
75,Croatia,23,H,0.01895375,16060.0,0.32706222865412443,0.061,0.0639542195950195
76,Croatia,23,I,0.021147,16060.0,0.32706222865412443,0.061,0.060306879637781405
77,Croatia,23,J,0.10278925,16060.0,0.32706222865412443,0.061,0.03867438058105899
78,Croatia,23,L,0.01732825,16060.0,0.32706222865412443,0.061,0.001949440321972079
79,Croatia,23,M,0.0633292,16060.0,0.32706222865412443,0.061,0.04936485976606716
80,Croatia,23,N,0.0297172,16060.0,0.32706222865412443,0.061,0.024525216953842282
81,Croatia,24,C,0.0836688108108108,16690.0,0.34000846996188516,0.05,0.16186897763771896
82,Croatia,24,D,0.0,16690.0,0.34000846996188516,0.05,0.006908672201684747
83,Croatia,24,E,0.025494666666666665,16690.0,0.34000846996188516,0.05,0.01999878795224532
84,Croatia,24,F,0.010979,16690.0,0.34000846996188516,0.05,0.07411672019877584
85,Croatia,24,G,0.026086153846153846,16690.0,0.34000846996188516,0.05,0.14362765892976184
86,Croatia,24,H,0.02568833333333333,16690.0,0.34000846996188516,0.05,0.06532937397733472
87,Croatia,24,I,0.0350325,16690.0,0.34000846996188516,0.05,0.06623840979334586
88,Croatia,24,J,0.14745691666666666,16690.0,0.34000846996188516,0.05,0.04454275498454639
89,Croatia,24,L,0.02913075,16690.0,0.34000846996188516,0.05,0.0012120477546815344
90,Croatia,24,M,0.10400090909090909,16690.0,0.34000846996188516,0.05,0.051633234349433364
91,Croatia,24,N,0.043270333333333334,16690.0,0.34000846996188516,0.05,0.023756135991758073
92,Croatia,24,S,0.08649375,16690.0,0.34000846996188516,0.05,0.02272589540027877
93,Cyprus,23,C,0.017854580645161287,28670.0,0.5224525043177893,0.057999999999999996,0.06373907482413131
94,Cyprus,23,E,0.0055925,28670.0,0.5224525043177893,0.057999999999999996,0.006608399062033682
95,Cyprus,23,F,0.0032772499999999998,28670.0,0.5224525043177893,0.057999999999999996,0.08484331698998082
96,Cyprus,23,G,0.0067829,28670.0,0.5224525043177893,0.057999999999999996,0.16435727989767637
97,Cyprus,23,H,0.017523,28670.0,0.5224525043177893,0.057999999999999996,0.04028991686207631
98,Cyprus,23,I,0.008573833333333334,28670.0,0.5224525043177893,0.057999999999999996,0.08249840119377531
99,Cyprus,23,J,0.06869125,28670.0,0.5224525043177893,0.057999999999999996,0.056277979108931994
100,Cyprus,23,L,0.0097825,28670.0,0.5224525043177893,0.057999999999999996,0.005329354082285227
101,Cyprus,23,M,0.025121846153846154,28670.0,0.5224525043177893,0.057999999999999996,0.08015348539756981
102,Cyprus,23,N,0.0236673,28670.0,0.5224525043177893,0.057999999999999996,0.03218929865700277
103,Cyprus,24,C,0.0177362,29180.0,0.5259243518912027,0.049,0.0627104377104377
104,Cyprus,24,D,0.25,29180.0,0.5259243518912027,0.049,0.004208754208754209
105,Cyprus,24,E,0.0,29180.0,0.5259243518912027,0.049,0.00441919191919192
106,Cyprus,24,F,0.00597175,29180.0,0.5259243518912027,0.049,0.0925925925925926
107,Cyprus,24,G,0.011609416666666665,29180.0,0.5259243518912027,0.049,0.16329966329966328
108,Cyprus,24,H,0.018187750000000003,29180.0,0.5259243518912027,0.049,0.04692760942760943
109,Cyprus,24,I,0.019846,29180.0,0.5259243518912027,0.049,0.08501683501683502
110,Cyprus,24,J,0.1468235,29180.0,0.5259243518912027,0.049,0.05366161616161615
111,Cyprus,24,L,0.01048825,29180.0,0.5259243518912027,0.049,0.00505050505050505
112,Cyprus,24,M,0.11847466666666666,29180.0,0.5259243518912027,0.049,0.08186026936026936
113,Cyprus,24,N,0.04029324999999999,29180.0,0.5259243518912027,0.049,0.027146464646464648
114,Cyprus,24,S,0.1666665,29180.0,0.5259243518912027,0.049,0.02630471380471381
115,Czechia,23,C,0.021314166666666662,21660.0,0.27051510132302725,0.026000000000000002,0.2527874426696189
116,Czechia,23,D,0.021395,21660.0,0.27051510132302725,0.026000000000000002,0.010398544994464654
117,Czechia,23,E,0.012152333333333334,21660.0,0.27051510132302725,0.026000000000000002,0.01186145816859086
118,Czechia,23,F,0.004401666666666667,21660.0,0.27051510132302725,0.026000000000000002,0.07763324371342717
119,Czechia,23,G,0.01523623076923077,21660.0,0.27051510132302725,0.026000000000000002,0.10898703147240234
120,Czechia,23,H,0.011044749999999975,21660.0,0.27051510132302725,0.026000000000000002,0.06197611893088724
121,Czechia,23,I,0.009541333333333334,21660.0,0.27051510132302725,0.026000000000000002,0.03202593705519532
122,Czechia,23,J,0.0721959,21660.0,0.27051510132302725,0.026000000000000002,0.03746243871579946
123,Czechia,23,L,0.012289499999999976,21660.0,0.27051510132302725,0.026000000000000002,0.008935631820338446
124,Czechia,23,M,0.032721153846153844,21660.0,0.27051510132302725,0.026000000000000002,0.0559267752649059
125,Czechia,23,N,0.0160222,21660.0,0.27051510132302725,0.026000000000000002,0.023525225367705203
126,Czechia,23,S,0.0,21660.0,0.27051510132302725,0.026000000000000002,0.017772418155938635
127,Czechia,24,C,0.03996371153846153,21870.0,0.2751077758262814,0.026000000000000002,0.2460248626770743
128,Czechia,24,D,0.02696325,21870.0,0.2751077758262814,0.026000000000000002,0.011467668883106871
129,Czechia,24,E,0.01029825,21870.0,0.2751077758262814,0.026000000000000002,0.011833863351643057
130,Czechia,24,F,0.005865250000000001,21870.0,0.2751077758262814,0.026000000000000002,0.07977257396164594
131,Czechia,24,G,0.037472384615384616,21870.0,0.2751077758262814,0.026000000000000002,0.10980052038161317
132,Czechia,24,H,0.014127749999999974,21870.0,0.2751077758262814,0.026000000000000002,0.05953551122675147
133,Czechia,24,I,0.014374,21870.0,0.2751077758262814,0.026000000000000002,0.03241784716199286
134,Czechia,24,J,0.12070923076923078,21870.0,0.2751077758262814,0.026000000000000002,0.03800713115543991
135,Czechia,24,L,0.034349000000000005,21870.0,0.2751077758262814,0.026000000000000002,0.008268285631685458
136,Czechia,24,M,0.077759,21870.0,0.2751077758262814,0.026000000000000002,0.05182615399441072
137,Czechia,24,N,0.0438315,21870.0,0.2751077758262814,0.026000000000000002,0.02272333044232437
138,Czechia,24,S,0.0350485,21870.0,0.2751077758262814,0.026000000000000002,0.017615881275898623
139,Denmark,23,C,0.050325826923076925,58640.0,0.4085308714816228,0.051,0.11479196111551589
140,Denmark,23,D,0.09279899999999999,58640.0,0.4085308714816228,0.051,0.007032300320590161
141,Denmark,23,E,0.05916125,58640.0,0.4085308714816228,0.051,0.006170498810713916
142,Denmark,23,F,0.00808175,58640.0,0.4085308714816228,0.051,0.06646213244165602
143,Denmark,23,G,0.0314770625,58640.0,0.4085308714816228,0.051,0.15222861870453996
144,Denmark,23,H,0.0378975,58640.0,0.4085308714816228,0.051,0.04488262263435485
145,Denmark,23,I,0.028444285714285717,58640.0,0.4085308714816228,0.051,0.036264607535592394
146,Denmark,23,J,0.13052846153846154,58640.0,0.4085308714816228,0.051,0.044813678513564756
147,Denmark,23,L,0.03443275,58640.0,0.4085308714816228,0.051,0.012237581440242683
148,Denmark,23,M,0.08058261538461539,58640.0,0.4085308714816228,0.051,0.05829225412802923
149,Denmark,23,N,0.03156075,58640.0,0.4085308714816228,0.051,0.037574545830604295
150,Denmark,23,S,0.057403,58640.0,0.4085308714816228,0.051,0.023992554034954667
151,Denmark,24,C,0.08872293617021275,60510.0,0.42524484624340797,0.062,0.11535312180143295
152,Denmark,24,D,0.120892,60510.0,0.42524484624340797,0.062,0.00740361651313545
153,Denmark,24,E,0.051207,60510.0,0.42524484624340797,0.062,0.00539065165472535
154,Denmark,24,F,0.029238499999999973,60510.0,0.42524484624340797,0.062,0.06175366769020811
155,Denmark,24,G,0.0641234,60510.0,0.42524484624340797,0.062,0.1534288638689867
156,Denmark,24,H,0.052756500000000005,60510.0,0.42524484624340797,0.062,0.04435346298191743
157,Denmark,24,I,0.03820071428571429,60510.0,0.42524484624340797,0.062,0.03715455475946776
158,Denmark,24,J,0.19633207692307691,60510.0,0.42524484624340797,0.062,0.04169225520300238
159,Denmark,24,L,0.07352825,60510.0,0.42524484624340797,0.062,0.012691914022517908
160,Denmark,24,M,0.147087,60510.0,0.42524484624340797,0.062,0.06223132036847492
161,Denmark,24,N,0.1177195,60510.0,0.42524484624340797,0.062,0.03773456158307745
162,Denmark,24,S,0.090909,60510.0,0.42524484624340797,0.062,0.025861480723302625
163,Estonia,23,C,0.01735252777777778,21210.0,0.4236249425463459,0.064,0.1829305598042215
164,Estonia,23,D,0.0350935,21210.0,0.4236249425463459,0.064,0.0026001835423676966
166,Estonia,23,F,0.0090835,21210.0,0.4236249425463459,0.064,0.08733557662893854
167,Estonia,23,G,0.010910846153846144,21210.0,0.4236249425463459,0.064,0.13933924747629245
168,Estonia,23,H,0.0140175,21210.0,0.4236249425463459,0.064,0.07464056286326094
169,Estonia,23,I,0.0027378333333333334,21210.0,0.4236249425463459,0.064,0.027990211073722855
170,Estonia,23,J,0.06909233333333333,21210.0,0.4236249425463459,0.064,0.051085959008871216
171,Estonia,23,L,0.004146,21210.0,0.4236249425463459,0.064,0.0165188130926889
172,Estonia,23,M,0.050431923076923076,21210.0,0.4236249425463459,0.064,0.053686142551238915
173,Estonia,23,N,0.018065125,21210.0,0.4236249425463459,0.064,0.02890792291220557
174,Estonia,24,C,0.043921999999999996,21020.0,0.42422388744456335,0.076,0.17237107015641936
175,Estonia,24,D,0.0617065,21020.0,0.42422388744456335,0.076,0.004181508440452222
177,Estonia,24,F,0.020122750000000002,21020.0,0.42422388744456335,0.076,0.09245779773888803
178,Estonia,24,G,0.03015115384615385,21020.0,0.42422388744456335,0.076,0.1441846058541118
179,Estonia,24,H,0.025326750000000002,21020.0,0.42422388744456335,0.076,0.07201486758556605
180,Estonia,24,I,0.04498571428571429,21020.0,0.42422388744456335,0.076,0.036704351866191726
181,Estonia,24,J,0.12457407142857144,21020.0,0.42422388744456335,0.076,0.05714728201951371
182,Estonia,24,L,0.024278249999999973,21020.0,0.42422388744456335,0.076,0.01626142171286975
183,Estonia,24,M,0.11196040000000002,21020.0,0.42422388744456335,0.076,0.05141706674926436
184,Estonia,24,N,0.04328233333333333,21020.0,0.42422388744456335,0.076,0.026637757472510452
185,Finland,23,C,0.046037857142857144,43430.0,0.4251974723538704,0.07200000000000001,0.13506009281662767
186,Finland,23,F,0.01294975,43430.0,0.4251974723538704,0.07200000000000001,0.07072309706080679
187,Finland,23,G,0.026198714285714287,43430.0,0.4251974723538704,0.07200000000000001,0.11126095751854351
188,Finland,23,H,0.027035000000000003,43430.0,0.4251974723538704,0.07200000000000001,0.05204077585181072
189,Finland,23,I,0.0366775,43430.0,0.4251974723538704,0.07200000000000001,0.03669033358454643
190,Finland,23,J,0.15998433333333334,43430.0,0.4251974723538704,0.07200000000000001,0.05255642378326921
191,Finland,23,L,0.047011250000000004,43430.0,0.4251974723538704,0.07200000000000001,0.008409027805323073
192,Finland,23,M,0.078845,43430.0,0.4251974723538704,0.07200000000000001,0.07353932807108009
193,Finland,23,N,0.048884000000000004,43430.0,0.4251974723538704,0.07200000000000001,0.055848637499504195
194,Finland,24,C,0.06677726666666667,43070.0,0.4323590480753873,0.084,0.13208148945500936
195,Finland,24,F,0.02814275,43070.0,0.4323590480753873,0.084,0.06861220747119562
196,Finland,24,G,0.05502771428571429,43070.0,0.4323590480753873,0.084,0.10963600845193955
197,Finland,24,H,0.017376499999999948,43070.0,0.4323590480753873,0.084,0.0531036957301758
198,Finland,24,I,0.04764314285714286,43070.0,0.4323590480753873,0.084,0.038910816090579274
199,Finland,24,J,0.16607375000000002,43070.0,0.4323590480753873,0.084,0.054499063110473235
200,Finland,24,L,0.082131,43070.0,0.4323590480753873,0.084,0.008691145397281027
201,Finland,24,M,0.12114525,43070.0,0.4323590480753873,0.084,0.06897101622612925
202,Finland,24,N,0.06194675,43070.0,0.4323590480753873,0.084,0.05306382809073874
203,France,23,C,0.02134827450980392,37570.0,0.4655361987719549,0.073,0.11229064380917167
204,France,23,D,0.039903499999999974,37570.0,0.4655361987719549,0.073,0.007309468534799968
205,France,23,E,0.0062035,37570.0,0.4655361987719549,0.073,0.00767920818831125
206,France,23,F,0.006726,37570.0,0.4655361987719549,0.073,0.0642671511204178
207,France,23,G,0.0122836,37570.0,0.4655361987719549,0.073,0.1278588163353823
208,France,23,H,0.0058779999999999995,37570.0,0.4655361987719549,0.073,0.05104540331841338
209,France,23,I,0.005146,37570.0,0.4655361987719549,0.073,0.041382399681455066
210,France,23,J,0.06875513333333333,37570.0,0.4655361987719549,0.073,0.03580786336697727
211,France,23,L,0.015508,37570.0,0.4655361987719549,0.073,0.012524930762694692
212,France,23,M,0.04459453846153846,37570.0,0.4655361987719549,0.073,0.06916620152944229
213,France,23,N,0.01600875,37570.0,0.4655361987719549,0.073,0.04560951937400232
214,France,23,S,0.025995,37570.0,0.4655361987719549,0.073,0.026944777249634698
215,France,24,C,0.03503955319148936,37870.0,0.4747281727284266,0.07400000000000001,0.10996258616895149
216,France,24,D,0.046914250000000005,37870.0,0.4747281727284266,0.07400000000000001,0.00841633713624456
217,France,24,E,0.01789225,37870.0,0.4747281727284266,0.07400000000000001,0.008856499854462326
218,France,24,F,0.00785525,37870.0,0.4747281727284266,0.07400000000000001,0.06718160971765691
219,France,24,G,0.029532384615384606,37870.0,0.4747281727284266,0.07400000000000001,0.12897477583648664
220,France,24,H,0.013191,37870.0,0.4747281727284266,0.07400000000000001,0.051296705169072164
221,France,24,I,0.023788,37870.0,0.4747281727284266,0.07400000000000001,0.04389913174354132
222,France,24,J,0.112281,37870.0,0.4747281727284266,0.07400000000000001,0.03640216673647742
223,France,24,L,0.050992,37870.0,0.4747281727284266,0.07400000000000001,0.013417863506960958
224,France,24,M,0.06830407692307693,37870.0,0.4747281727284266,0.07400000000000001,0.07032664333330967
225,France,24,N,0.043470199999999994,37870.0,0.4747281727284266,0.07400000000000001,0.0442753998736307
226,France,24,S,0.0247435,37870.0,0.4747281727284266,0.07400000000000001,0.025444244872459297
227,Germany,23,C,0.029873032786885242,42780.0,0.3317119164470662,0.031,0.18366192268975712
228,Germany,23,D,0.07550433333333333,42780.0,0.3317119164470662,0.031,0.008871087515647582
229,Germany,23,E,0.02005775,42780.0,0.3317119164470662,0.031,0.0061529466956790286
230,Germany,23,F,0.011198,42780.0,0.3317119164470662,0.031,0.06470966814164508
231,Germany,23,G,0.025417199999999997,42780.0,0.3317119164470662,0.031,0.128700313776707
232,Germany,23,H,0.0176155,42780.0,0.3317119164470662,0.031,0.048872313390085034
233,Germany,23,I,0.0196012,42780.0,0.3317119164470662,0.031,0.03526274968351223
234,Germany,23,J,0.09368658333333334,42780.0,0.3317119164470662,0.031,0.040543439567926415
235,Germany,23,L,0.02845725,42780.0,0.3317119164470662,0.031,0.009123334755662009
236,Germany,23,M,0.06844081249999999,42780.0,0.3317119164470662,0.031,0.056418513532946565
237,Germany,23,N,0.0408329,42780.0,0.3317119164470662,0.031,0.046710530968652984
238,Germany,24,C,0.06504059999999999,42580.0,0.34138885476212844,0.034,0.18376015254320768
239,Germany,24,D,0.08038549999999997,42580.0,0.34138885476212844,0.034,0.009566785733551297
240,Germany,24,E,0.028826249999999998,42580.0,0.34138885476212844,0.034,0.006163646214212505
241,Germany,24,F,0.0250275,42580.0,0.34138885476212844,0.034,0.061819401413323136
242,Germany,24,G,0.04856369230769231,42580.0,0.34138885476212844,0.034,0.1257261868185219
243,Germany,24,H,0.02869075,42580.0,0.34138885476212844,0.034,0.04845310773950386
244,Germany,24,I,0.025894125,42580.0,0.34138885476212844,0.034,0.03623604794885206
245,Germany,24,J,0.17557991666666664,42580.0,0.34138885476212844,0.034,0.04159053969430379
246,Germany,24,L,0.052456749999999996,42580.0,0.34138885476212844,0.034,0.009076602301751292
247,Germany,24,M,0.13705853846153845,42580.0,0.34138885476212844,0.034,0.055777714713242686
248,Germany,24,N,0.0698957,42580.0,0.34138885476212844,0.034,0.0455776776563134
249,Germany,24,S,0.0,42580.0,0.34138885476212844,0.034,0.03062591029877736
250,Greece,23,C,0.026509169811320756,18670.0,0.3823010151537443,0.111,0.0999639985599424
251,Greece,23,D,0.0138655,18670.0,0.3823010151537443,0.111,0.008616344653786152
252,Greece,23,E,0.024781,18670.0,0.3823010151537443,0.111,0.008424336973478939
253,Greece,23,F,0.008503750000000001,18670.0,0.3823010151537443,0.111,0.03979359174366974
254,Greece,23,G,0.011372562499999994,18670.0,0.3823010151537443,0.111,0.16661466458658347
255,Greece,23,H,0.014782249999999976,18670.0,0.3823010151537443,0.111,0.05383415336613464
256,Greece,23,I,0.013020571428571414,18670.0,0.3823010151537443,0.111,0.09165966638665547
257,Greece,23,J,0.04895846153846154,18670.0,0.3823010151537443,0.111,0.02486499459978399
258,Greece,23,L,0.020188749999999974,18670.0,0.3823010151537443,0.111,0.0030241209648385935
259,Greece,23,M,0.02976,18670.0,0.3823010151537443,0.111,0.06276251050042002
260,Greece,23,N,0.010082333333333334,18670.0,0.3823010151537443,0.111,0.022752910116404658
261,Greece,23,S,0.09210525,18670.0,0.3823010151537443,0.111,0.022344893795751834
262,Greece,24,C,0.0404581568627451,19130.0,0.3863093658795437,0.10099999999999999,0.0981618165577547
263,Greece,24,D,0.03237375000000001,19130.0,0.3863093658795437,0.10099999999999999,0.010436744863899205
264,Greece,24,E,0.0401995,19130.0,0.3863093658795437,0.10099999999999999,0.009637534671618635
265,Greece,24,F,0.0129195,19130.0,0.3863093658795437,0.10099999999999999,0.04336890602228386
266,Greece,24,G,0.025875133333333335,19130.0,0.3863093658795437,0.10099999999999999,0.16776362183254195
267,Greece,24,H,0.02911025,19130.0,0.3863093658795437,0.10099999999999999,0.05641483710215787
268,Greece,24,I,0.020218285714285713,19130.0,0.3863093658795437,0.10099999999999999,0.09423628414272954
269,Greece,24,J,0.07612092307692307,19130.0,0.3863093658795437,0.10099999999999999,0.024799022142823562
270,Greece,24,L,0.023259500000000002,19130.0,0.3863093658795437,0.10099999999999999,0.0022565934840863148
271,Greece,24,M,0.06609792307692307,19130.0,0.3863093658795437,0.10099999999999999,0.06664002632692398
272,Greece,24,N,0.03781708333333333,19130.0,0.3863093658795437,0.10099999999999999,0.02360020685440271
273,Greece,24,S,0.078125,19130.0,0.3863093658795437,0.10099999999999999,0.020779464999294818
274,Hungary,23,C,0.022698999999999997,16060.0,0.31474886942083763,0.040999999999999995,0.21013141252384931
275,Hungary,23,D,0.011415749999999999,16060.0,0.31474886942083763,0.040999999999999995,0.007181597959139923
276,Hungary,23,E,0.011952500000000001,16060.0,0.31474886942083763,0.040999999999999995,0.008982356850386949
277,Hungary,23,F,0.00450975,16060.0,0.31474886942083763,0.040999999999999995,0.0837352884429867
278,Hungary,23,G,0.007269466666666667,16060.0,0.31474886942083763,0.040999999999999995,0.12875426072416232
279,Hungary,23,H,0.005567,16060.0,0.31474886942083763,0.040999999999999995,0.06298368598194955
280,Hungary,23,I,0.006435285714285715,16060.0,0.31474886942083763,0.040999999999999995,0.039145068278774627
281,Hungary,23,J,0.03679921428571427,16060.0,0.31474886942083763,0.040999999999999995,0.03760156065770575
282,Hungary,23,L,0.008455499999999975,16060.0,0.31474886942083763,0.040999999999999995,0.0059167792140973705
283,Hungary,23,M,0.017672799999999992,16060.0,0.31474886942083763,0.040999999999999995,0.04602653975604005
284,Hungary,23,N,0.006642583333333334,16060.0,0.31474886942083763,0.040999999999999995,0.031105966085707547
285,Hungary,23,S,0.0059525,16060.0,0.31474886942083763,0.040999999999999995,0.023902930520719446
286,Hungary,24,C,0.03013535185185185,16190.0,0.32686169049805414,0.045,0.20613076098606645
287,Hungary,24,D,0.016025749999999974,16190.0,0.32686169049805414,0.045,0.006966773847802787
288,Hungary,24,E,0.01735625,16190.0,0.32686169049805414,0.045,0.010868167202572348
289,Hungary,24,F,0.010679250000000001,16190.0,0.32686169049805414,0.045,0.08315112540192926
290,Hungary,24,G,0.015340125,16190.0,0.32686169049805414,0.045,0.1215434083601286
291,Hungary,24,H,0.0098685,16190.0,0.32686169049805414,0.045,0.061972132904608804
292,Hungary,24,I,0.018861857142857128,16190.0,0.32686169049805414,0.045,0.03779206859592712
293,Hungary,24,J,0.08165661538461537,16190.0,0.32686169049805414,0.045,0.03783494105037513
294,Hungary,24,L,0.0103885,16190.0,0.32686169049805414,0.045,0.006109324758842444
295,Hungary,24,M,0.0539552,16190.0,0.32686169049805414,0.045,0.04709539121114684
296,Hungary,24,N,0.020981916666666656,16190.0,0.32686169049805414,0.045,0.03742765273311897
297,Hungary,24,S,0.025466250000000003,16190.0,0.32686169049805414,0.045,0.024608788853161843
298,Ireland,23,C,0.03719220454545454,86090.0,0.5394639592328938,0.043,0.11196986935540823
299,Ireland,23,D,0.09715825,86090.0,0.5394639592328938,0.043,0.0020400957275687553
301,Ireland,23,F,0.01479,86090.0,0.5394639592328938,0.043,0.06469457413001686
302,Ireland,23,G,0.015027666666666667,86090.0,0.5394639592328938,0.043,0.13127231354702026
303,Ireland,23,H,0.015169750000000001,86090.0,0.5394639592328938,0.043,0.04166503197457727
304,Ireland,23,I,0.013282857142857141,86090.0,0.5394639592328938,0.043,0.0681862764329711
305,Ireland,23,J,0.08560023076923076,86090.0,0.5394639592328938,0.043,0.06618541331554789
307,Ireland,23,M,0.05632607692307692,86090.0,0.5394639592328938,0.043,0.06818627643297108
308,Ireland,23,N,0.0229963,86090.0,0.5394639592328938,0.043,0.04044882106006512
309,Ireland,23,S,0.0,86090.0,0.5394639592328938,0.043,0.017301581074188867
310,Ireland,24,C,0.07785726829268293,85700.0,0.5537685392406023,0.043,0.11058914131690412
311,Ireland,24,D,0.09166675,85700.0,0.5537685392406023,0.043,0.0055448594532152475
313,Ireland,24,F,0.01560025,85700.0,0.5537685392406023,0.043,0.06538313438582981
314,Ireland,24,G,0.031225357142857145,85700.0,0.5537685392406023,0.043,0.12402772429726608
315,Ireland,24,H,0.0196675,85700.0,0.5537685392406023,0.043,0.04335772044666923
316,Ireland,24,I,0.023714125,85700.0,0.5537685392406023,0.043,0.06854062379668849
317,Ireland,24,J,0.18050360000000001,85700.0,0.5537685392406023,0.043,0.06807855217558723
319,Ireland,24,M,0.10648883333333332,85700.0,0.5537685392406023,0.043,0.07396996534462842
320,Ireland,24,N,0.099798,85700.0,0.5537685392406023,0.043,0.03777435502502888
321,Ireland,24,S,0.02604175,85700.0,0.5537685392406023,0.043,0.016827108201771277
322,Italy,23,C,0.016402111111111103,32560.0,0.2543694082303842,0.077,0.1833121878566973
323,Italy,23,F,0.00653775,32560.0,0.2543694082303842,0.077,0.06494277991589899
324,Italy,23,G,0.009097625,32560.0,0.2543694082303842,0.077,0.1353508522546453
325,Italy,23,H,0.00863675,32560.0,0.2543694082303842,0.077,0.050070225613042016
326,Italy,23,I,0.020180800000000002,32560.0,0.2543694082303842,0.077,0.06412383470036365
327,Italy,23,J,0.0640432,32560.0,0.2543694082303842,0.077,0.032889349044634635
328,Italy,23,L,0.01367,32560.0,0.2543694082303842,0.077,0.006678858908044756
329,Italy,23,M,0.03076066666666667,32560.0,0.2543694082303842,0.077,0.06765845316948771
330,Italy,23,N,0.022227,32560.0,0.2543694082303842,0.077,0.0412994496518422
331,Italy,24,C,0.02941937142857143,32810.0,0.26062203023758096,0.065,0.18182274394349354
332,Italy,24,F,0.013101999999999999,32810.0,0.26062203023758096,0.065,0.06716627007857881
333,Italy,24,G,0.02847,32810.0,0.26062203023758096,0.065,0.138748677458881
334,Italy,24,H,0.016687333333333335,32810.0,0.26062203023758096,0.065,0.04950590281988767
335,Italy,24,I,0.0217944,32810.0,0.26062203023758096,0.065,0.06451073297006144
336,Italy,24,J,0.1117501818181818,32810.0,0.26062203023758096,0.065,0.03181626192377981
337,Italy,24,L,0.0297195,32810.0,0.26062203023758096,0.065,0.005842181638738222
338,Italy,24,M,0.06521233333333333,32810.0,0.26062203023758096,0.065,0.06653479590001798
339,Italy,24,N,0.03508924999999999,32810.0,0.26062203023758096,0.065,0.042304588015372846
340,Latvia,23,C,0.02018401923076923,17390.0,0.41636669066474685,0.065,0.13191285611683026
341,Latvia,23,D,0.020911,17390.0,0.41636669066474685,0.065,0.008379219535551832
343,Latvia,23,F,0.0037735,17390.0,0.41636669066474685,0.065,0.08271486712951878
344,Latvia,23,G,0.006722357142857143,17390.0,0.41636669066474685,0.065,0.15286090495570984
345,Latvia,23,H,0.010251,17390.0,0.41636669066474685,0.065,0.08834091453196073
346,Latvia,23,I,0.004096833333333333,17390.0,0.41636669066474685,0.065,0.030045487191764426
347,Latvia,23,J,0.057627583333333336,17390.0,0.41636669066474685,0.065,0.04764184821642327
348,Latvia,23,L,0.0146235,17390.0,0.41636669066474685,0.065,0.016758439071103665
349,Latvia,23,M,0.036764733333333334,17390.0,0.41636669066474685,0.065,0.04117787886042614
350,Latvia,23,N,0.0171616,17390.0,0.41636669066474685,0.065,0.02777112760354321
351,Latvia,24,C,0.0374512,17510.0,0.426752364782925,0.069,0.1280210576692989
352,Latvia,24,D,0.024079,17510.0,0.426752364782925,0.069,0.005264417324718833
353,Latvia,24,E,0.02254525,17510.0,0.426752364782925,0.069,0.002512562814070352
354,Latvia,24,F,0.0131925,17510.0,0.426752364782925,0.069,0.07597511366355587
355,Latvia,24,G,0.0161516875,17510.0,0.426752364782925,0.069,0.1427374970088538
356,Latvia,24,H,0.012975500000000001,17510.0,0.426752364782925,0.069,0.08207705192629816
357,Latvia,24,I,0.006308428571428557,17510.0,0.426752364782925,0.069,0.03194544149318019
358,Latvia,24,J,0.09626808333333332,17510.0,0.426752364782925,0.069,0.0503709021296961
359,Latvia,24,L,0.019894250000000002,17510.0,0.426752364782925,0.069,0.019382627422828428
360,Latvia,24,M,0.07229338461538462,17510.0,0.426752364782925,0.069,0.04020100502512563
361,Latvia,24,N,0.029396900000000004,17510.0,0.426752364782925,0.069,0.027039961713328554
362,Lithuania,23,C,0.01593790243902439,19160.0,0.5008040935672515,0.069,0.16119045943854218
363,Lithuania,23,F,0.006111,19160.0,0.5008040935672515,0.069,0.07901217195525223
364,Lithuania,23,G,0.014187416666666668,19160.0,0.5008040935672515,0.069,0.1471188348694857
365,Lithuania,23,H,0.0122885,19160.0,0.5008040935672515,0.069,0.07422781960177302
366,Lithuania,23,I,0.004415666666666667,19160.0,0.5008040935672515,0.069,0.025821431084218673
367,Lithuania,23,J,0.07636908333333332,19160.0,0.5008040935672515,0.069,0.043129529304158164
368,Lithuania,23,L,0.006637,19160.0,0.5008040935672515,0.069,0.009427988461267854
369,Lithuania,23,M,0.010178,19160.0,0.5008040935672515,0.069,0.0558643495391543
370,Lithuania,23,N,0.0328801,19160.0,0.5008040935672515,0.069,0.045380989235207204
371,Lithuania,23,S,0.0,19160.0,0.5008040935672515,0.069,0.02258495743333568
372,Lithuania,24,C,0.025284073170731704,19580.0,0.5106521268144725,0.071,0.16207612456747403
373,Lithuania,24,E,0.01821225,19580.0,0.5106521268144725,0.071,0.008927335640138409
374,Lithuania,24,F,0.00855725,19580.0,0.5106521268144725,0.071,0.0786159169550173
375,Lithuania,24,G,0.019015666666666667,19580.0,0.5106521268144725,0.071,0.14283737024221455
376,Lithuania,24,H,0.0125195,19580.0,0.5106521268144725,0.071,0.06595155709342561
377,Lithuania,24,I,0.012726,19580.0,0.5106521268144725,0.071,0.02726643598615917
378,Lithuania,24,J,0.16452066666666668,19580.0,0.5106521268144725,0.071,0.04740484429065744
379,Lithuania,24,L,0.01511625,19580.0,0.5106521268144725,0.071,0.006782006920415225
380,Lithuania,24,M,0.03922842857142856,19580.0,0.5106521268144725,0.071,0.05564013840830449
381,Lithuania,24,N,0.030447800000000004,19580.0,0.5106521268144725,0.071,0.04837370242214533
382,Lithuania,24,S,0.03571425,19580.0,0.5106521268144725,0.071,0.02166089965397924
383,Luxembourg,23,C,0.041459526315789474,101450.0,0.5461126849228832,0.052000000000000005,0.015327257663628833
384,Luxembourg,23,F,0.02506575,101450.0,0.5461126849228832,0.052000000000000005,0.05012427506213753
385,Luxembourg,23,G,0.034442125,101450.0,0.5461126849228832,0.052000000000000005,0.08947804473902238
386,Luxembourg,23,H,0.025097,101450.0,0.5461126849228832,0.052000000000000005,0.037696768848384424
387,Luxembourg,23,I,0.017047375,101450.0,0.5461126849228832,0.052000000000000005,0.022369511184755594
388,Luxembourg,23,J,0.07913249999999997,101450.0,0.5461126849228832,0.052000000000000005,0.055095277547638766
389,Luxembourg,23,M,0.05495599999999998,101450.0,0.5461126849228832,0.052000000000000005,0.1043910521955261
390,Luxembourg,23,N,0.0334795,101450.0,0.5461126849228832,0.052000000000000005,0.025269262634631317
391,Luxembourg,24,C,0.079935,100880.0,0.5810684161199625,0.064,0.010333863275039747
392,Luxembourg,24,F,0.04770675,100880.0,0.5810684161199625,0.064,0.026232114467408585
393,Luxembourg,24,G,0.05395685714285714,100880.0,0.5810684161199625,0.064,0.0850556438791733
394,Luxembourg,24,H,0.036346250000000004,100880.0,0.5810684161199625,0.064,0.0246422893481717
395,Luxembourg,24,I,0.024462125,100880.0,0.5810684161199625,0.064,0.029809220985691574
396,Luxembourg,24,J,0.12172174999999996,100880.0,0.5810684161199625,0.064,0.05206677265500794
397,Luxembourg,24,M,0.09372349999999999,100880.0,0.5810684161199625,0.064,0.11486486486486487
398,Luxembourg,24,N,0.06409675000000001,100880.0,0.5810684161199625,0.064,0.028219395866454687
399,Malta,23,C,0.03832646153846154,32740.0,0.35480607082630694,0.035,0.10983899821109125
400,Malta,23,F,0.0226335,32740.0,0.35480607082630694,0.035,0.06690518783542039
401,Malta,23,G,0.03696753846153846,32740.0,0.35480607082630694,0.035,0.13130590339892667
402,Malta,23,H,0.04112625,32740.0,0.35480607082630694,0.035,0.04472271914132379
403,Malta,23,I,0.028498999999999997,32740.0,0.35480607082630694,0.035,0.08372093023255814
404,Malta,23,J,0.0975751,32740.0,0.35480607082630694,0.035,0.049731663685152055
405,Malta,23,L,0.02939075,32740.0,0.35480607082630694,0.035,0.00966010733452594
406,Malta,23,M,0.05878429999999999,32740.0,0.35480607082630694,0.035,0.052236135957066186
407,Malta,23,N,0.027386416666666667,32740.0,0.35480607082630694,0.035,0.05402504472271914
408,Malta,24,C,0.04104016129032258,33640.0,0.3799168532139431,0.031,0.09983792544570502
409,Malta,24,F,0.0234025,33640.0,0.3799168532139431,0.031,0.07228525121555916
410,Malta,24,G,0.034299538461538465,33640.0,0.3799168532139431,0.031,0.12220421393841167
411,Malta,24,H,0.0515735,33640.0,0.3799168532139431,0.031,0.05478119935170178
412,Malta,24,I,0.034245375,33640.0,0.3799168532139431,0.031,0.0839546191247974
413,Malta,24,J,0.1533555,33640.0,0.3799168532139431,0.031,0.04829821717990276
414,Malta,24,L,0.03120575,33640.0,0.3799168532139431,0.031,0.0051863857374392225
415,Malta,24,M,0.08322009999999999,33640.0,0.3799168532139431,0.031,0.04764991896272285
416,Malta,24,N,0.03477074999999999,33640.0,0.3799168532139431,0.031,0.05153970826580227
417,Netherlands,23,C,0.037111455882352935,51010.0,0.4142901277311999,0.036000000000000004,0.08480483759212211
418,Netherlands,23,D,0.119842,51010.0,0.4142901277311999,0.036000000000000004,0.00492367774581645
419,Netherlands,23,E,0.02656325,51010.0,0.4142901277311999,0.036000000000000004,0.004367270665798812
420,Netherlands,23,F,0.008204857142857142,51010.0,0.4142901277311999,0.036000000000000004,0.045152959455770886
421,Netherlands,23,G,0.032323947368421056,51010.0,0.4142901277311999,0.036000000000000004,0.15305393999202135
422,Netherlands,23,H,0.020097285714285713,51010.0,0.4142901277311999,0.036000000000000004,0.047284103554706365
423,Netherlands,23,I,0.019403454545454543,51010.0,0.4142901277311999,0.036000000000000004,0.04863837739097571
424,Netherlands,23,J,0.09367355555555555,51010.0,0.4142901277311999,0.036000000000000004,0.04557288932748231
425,Netherlands,23,L,0.03831228571428571,51010.0,0.4142901277311999,0.036000000000000004,0.008188632498372771
426,Netherlands,23,M,0.075301125,51010.0,0.4142901277311999,0.036000000000000004,0.08757637474541752
427,Netherlands,23,N,0.033773846153846154,51010.0,0.4142901277311999,0.036000000000000004,0.048123963298129215
428,Netherlands,23,S,0.01523157142857143,51010.0,0.4142901277311999,0.036000000000000004,0.020303609297247362
429,Netherlands,24,C,0.05558545205479452,51170.0,0.42068862943407453,0.037000000000000005,0.08183551623894221
430,Netherlands,24,D,0.117097,51170.0,0.42068862943407453,0.037000000000000005,0.005397351338397258
431,Netherlands,24,E,0.037016999999999974,51170.0,0.42068862943407453,0.037000000000000005,0.004074062496743877
432,Netherlands,24,F,0.015213,51170.0,0.42068862943407453,0.037000000000000005,0.04721119481520845
433,Netherlands,24,G,0.05060361904761904,51170.0,0.42068862943407453,0.037000000000000005,0.14923989038583768
434,Netherlands,24,H,0.01587275,51170.0,0.42068862943407453,0.037000000000000005,0.04822189574151063
435,Netherlands,24,I,0.026059214285714286,51170.0,0.42068862943407453,0.037000000000000005,0.04902420472424537
436,Netherlands,24,J,0.16523575000000001,51170.0,0.42068862943407453,0.037000000000000005,0.04507517739364197
437,Netherlands,24,L,0.044556749999999985,51170.0,0.42068862943407453,0.037000000000000005,0.008127285799131006
438,Netherlands,24,M,0.09793352631578948,51170.0,0.42068862943407453,0.037000000000000005,0.09110895772769426
439,Netherlands,24,N,0.058233625000000004,51170.0,0.42068862943407453,0.037000000000000005,0.04729455159263543
440,Netherlands,24,S,0.07399,51170.0,0.42068862943407453,0.037000000000000005,0.02023485772040053
441,Norway,23,C,0.03266433333333333,62790.0,0.47491735987504086,0.036000000000000004,0.07274147938681351
442,Norway,23,D,0.08525225,62790.0,0.47491735987504086,0.036000000000000004,0.0019720196457806223
444,Norway,23,F,0.00911875,62790.0,0.47491735987504086,0.036000000000000004,0.08758743860693556
445,Norway,23,G,0.022927615384615376,62790.0,0.47491735987504086,0.036000000000000004,0.1284789403184998
446,Norway,23,H,0.013439,62790.0,0.47491735987504086,0.036000000000000004,0.04967257032296473
447,Norway,23,I,0.02808942857142857,62790.0,0.47491735987504086,0.036000000000000004,0.0365753832415538
448,Norway,23,J,0.08498785714285714,62790.0,0.47491735987504086,0.036000000000000004,0.04438904598898645
449,Norway,23,L,0.015143,62790.0,0.47491735987504086,0.036000000000000004,0.006064890608721537
450,Norway,23,M,0.07359107692307693,62790.0,0.47491735987504086,0.036000000000000004,0.0645929453787766
451,Norway,23,N,0.0271476,62790.0,0.47491735987504086,0.036000000000000004,0.037170709927072484
452,Norway,23,S,0.0,62790.0,0.47491735987504086,0.036000000000000004,0.01562732549486531
453,Norway,24,C,0.06632302222222222,63510.0,0.4837031148370311,0.04,0.0701226309921962
455,Norway,24,E,0.0540535,63510.0,0.4837031148370311,0.04,0.002192493496841323
456,Norway,24,F,0.0217845,63510.0,0.4837031148370311,0.04,0.08513563730955036
457,Norway,24,G,0.053047199999999996,63510.0,0.4837031148370311,0.04,0.12946859903381644
458,Norway,24,H,0.022163,63510.0,0.4837031148370311,0.04,0.05399479747305834
459,Norway,24,I,0.05649057142857143,63510.0,0.4837031148370311,0.04,0.034113712374581946
460,Norway,24,J,0.17167553846153846,63510.0,0.4837031148370311,0.04,0.044593088071348944
461,Norway,24,L,0.0597545,63510.0,0.4837031148370311,0.04,0.008435525826830177
462,Norway,24,M,0.1449196153846154,63510.0,0.4837031148370311,0.04,0.06510590858416945
463,Norway,24,N,0.06617416666666666,63510.0,0.4837031148370311,0.04,0.03545150501672241
464,Norway,24,S,0.08333325,63510.0,0.4837031148370311,0.04,0.019806763285024155
465,Poland,23,C,0.01453317857142857,15930.0,0.41609003207807843,0.027999999999999997,0.189559533623837
466,Poland,23,D,0.019007250000000003,15930.0,0.41609003207807843,0.027999999999999997,0.01097043928865858
467,Poland,23,E,0.0057525,15930.0,0.41609003207807843,0.027999999999999997,0.010387469084913437
468,Poland,23,F,0.0030655,15930.0,0.41609003207807843,0.027999999999999997,0.0767400777293605
469,Poland,23,G,0.01163676923076923,15930.0,0.41609003207807843,0.027999999999999997,0.13719232128135675
470,Poland,23,H,0.0045874999999999996,15930.0,0.41609003207807843,0.027999999999999997,0.06622305971028149
471,Poland,23,I,0.0066988333333333335,15930.0,0.41609003207807843,0.027999999999999997,0.023572017430220235
472,Poland,23,J,0.03796793333333332,15930.0,0.41609003207807843,0.027999999999999997,0.03731009303968908
473,Poland,23,L,0.00599225,15930.0,0.41609003207807843,0.027999999999999997,0.008196914379931692
474,Poland,23,M,0.0259615,15930.0,0.41609003207807843,0.027999999999999997,0.04545401012837122
475,Poland,23,N,0.0144376,15930.0,0.41609003207807843,0.027999999999999997,0.028700977505594156
476,Poland,23,S,0.02333325,15930.0,0.41609003207807843,0.027999999999999997,0.016917913084442352
477,Poland,24,C,0.024149615384615384,16440.0,0.43050926284784125,0.028999999999999998,0.19371352392238186
478,Poland,24,D,0.021097499999999998,16440.0,0.43050926284784125,0.028999999999999998,0.010309583765368094
479,Poland,24,E,0.0063472499999999744,16440.0,0.43050926284784125,0.028999999999999998,0.010368834246778254
480,Poland,24,F,0.0050305,16440.0,0.43050926284784125,0.028999999999999998,0.07696045030365871
481,Poland,24,G,0.016693615384615383,16440.0,0.43050926284784125,0.028999999999999998,0.13487779588209156
482,Poland,24,H,0.006144,16440.0,0.43050926284784125,0.028999999999999998,0.06863575766553104
483,Poland,24,I,0.007823428571428573,16440.0,0.43050926284784125,0.028999999999999998,0.022112279662272256
484,Poland,24,J,0.08966600000000001,16440.0,0.43050926284784125,0.028999999999999998,0.038826840468078806
485,Poland,24,L,0.01006225,16440.0,0.43050926284784125,0.028999999999999998,0.008229891867871427
486,Poland,24,M,0.042415909090909094,16440.0,0.43050926284784125,0.028999999999999998,0.04763738705376981
487,Poland,24,N,0.027310800000000003,16440.0,0.43050926284784125,0.028999999999999998,0.027545548807584065
488,Poland,24,S,0.046296500000000004,16440.0,0.43050926284784125,0.028999999999999998,0.017792919567471487
489,Portugal,23,C,0.023670928571428572,22020.0,0.3281152809454696,0.065,0.16633338665813469
490,Portugal,23,D,0.05223649999999998,22020.0,0.3281152809454696,0.065,0.0036394176931690927
491,Portugal,23,E,0.0198065,22020.0,0.3281152809454696,0.065,0.006338985762278035
492,Portugal,23,F,0.004135937499999982,22020.0,0.3281152809454696,0.065,0.0707486802111662
493,Portugal,23,G,0.010256,22020.0,0.3281152809454696,0.065,0.14561670132778753
494,Portugal,23,H,0.00711075,22020.0,0.3281152809454696,0.065,0.046372580387138054
495,Portugal,23,I,0.0099078,22020.0,0.3281152809454696,0.065,0.06658934570468725
496,Portugal,23,J,0.05384095833333333,22020.0,0.3281152809454696,0.065,0.03751399776035834
497,Portugal,23,L,0.0086845,22020.0,0.3281152809454696,0.065,0.010398336266197407
498,Portugal,23,M,0.02445476,22020.0,0.3281152809454696,0.065,0.050091985282354826
499,Portugal,23,N,0.015319272727272727,22020.0,0.3281152809454696,0.065,0.03719404895216765
500,Portugal,23,S,0.015634428571428573,22020.0,0.3281152809454696,0.065,0.024896016637338026
501,Portugal,24,C,0.02578309278350515,22230.0,0.3436360657080824,0.065,0.1632273509684823
502,Portugal,24,D,0.05855875,22230.0,0.3436360657080824,0.065,0.00397681182359575
503,Portugal,24,E,0.021066750000000002,22230.0,0.3436360657080824,0.065,0.007122648042261046
504,Portugal,24,F,0.00438,22230.0,0.3436360657080824,0.065,0.07089013315394813
505,Portugal,24,G,0.011151187499999996,22230.0,0.3436360657080824,0.065,0.14894248461705872
506,Portugal,24,H,0.005904875,22230.0,0.3436360657080824,0.065,0.04639613794195042
507,Portugal,24,I,0.01313032,22230.0,0.3436360657080824,0.065,0.06240231090358704
508,Portugal,24,J,0.08692008333333333,22230.0,0.3436360657080824,0.065,0.039293275033140104
509,Portugal,24,L,0.0056726,22230.0,0.3436360657080824,0.065,0.010406980195081416
510,Portugal,24,M,0.04247725,22230.0,0.3436360657080824,0.065,0.05114456997012444
511,Portugal,24,N,0.027274272727272727,22230.0,0.3436360657080824,0.065,0.03640464554933423
512,Portugal,24,S,0.01566821428571429,22230.0,0.3436360657080824,0.065,0.02320796153770057
513,Romania,23,C,0.007747349206349204,13030.0,0.2288172325474486,0.055999999999999994,0.19917249061758194
514,Romania,23,D,0.0140145,13030.0,0.2288172325474486,0.055999999999999994,0.009349264657127323
515,Romania,23,E,0.00145275,13030.0,0.2288172325474486,0.055999999999999994,0.012147413370111527
516,Romania,23,F,0.00032575,13030.0,0.2288172325474486,0.055999999999999994,0.10655509435463553
517,Romania,23,G,0.0031350666666666665,13030.0,0.2288172325474486,0.055999999999999994,0.17703926691155994
518,Romania,23,H,0.0009062499999999999,13030.0,0.2288172325474486,0.055999999999999994,0.07561632209211347
519,Romania,23,I,0.00028516666666666664,13030.0,0.2288172325474486,0.055999999999999994,0.024361133581762964
520,Romania,23,J,0.0202649375,13030.0,0.2288172325474486,0.055999999999999994,0.023764372007903774
521,Romania,23,L,0.0,13030.0,0.2288172325474486,0.055999999999999994,0.0019494211412733567
522,Romania,23,M,0.02226369230769231,13030.0,0.2288172325474486,0.055999999999999994,0.027384725555982863
523,Romania,23,N,0.008353416666666667,13030.0,0.2288172325474486,0.055999999999999994,0.02714602092643919
524,Romania,23,S,0.0,13030.0,0.2288172325474486,0.055999999999999994,0.015064914397867574
525,Romania,24,C,0.012062765957446805,13140.0,0.23338137272563503,0.054000000000000006,0.19185396907886187
526,Romania,24,D,0.01057725,13140.0,0.23338137272563503,0.054000000000000006,0.008938547486033519
527,Romania,24,E,0.005438500000000001,13140.0,0.23338137272563503,0.054000000000000006,0.01243341561647395
528,Romania,24,F,0.000442,13140.0,0.23338137272563503,0.054000000000000006,0.10913342860854877
529,Romania,24,G,0.013235461538461538,13140.0,0.23338137272563503,0.054000000000000006,0.17901779914252305
530,Romania,24,H,0.00682725,13140.0,0.23338137272563503,0.054000000000000006,0.07888787839417956
531,Romania,24,I,0.00048785714285714285,13140.0,0.23338137272563503,0.054000000000000006,0.025451474600493695
532,Romania,24,J,0.04637549999999999,13140.0,0.23338137272563503,0.054000000000000006,0.026308951539560872
533,Romania,24,L,0.0095335,13140.0,0.23338137272563503,0.054000000000000006,0.0017409380278030403
534,Romania,24,M,0.03216633333333333,13140.0,0.23338137272563503,0.054000000000000006,0.030024684942185263
535,Romania,24,N,0.014301666666666666,13140.0,0.23338137272563503,0.054000000000000006,0.027075483954787583
536,Romania,24,S,0.00769225,13140.0,0.23338137272563503,0.054000000000000006,0.013862543848252567
537,Serbia,23,C,0.008514187499999996,8520.0,0.30488029805599615,0.095,0.19465527588519788
538,Serbia,23,D,0.006329,8520.0,0.30488029805599615,0.095,0.014191407491086244
539,Serbia,23,E,0.0,8520.0,0.30488029805599615,0.095,0.014262011508454834
540,Serbia,23,F,0.0,8520.0,0.30488029805599615,0.095,0.05906026052882409
541,Serbia,23,G,0.0035480999999999998,8520.0,0.30488029805599615,0.095,0.13517139125216224
542,Serbia,23,H,0.000219,8520.0,0.30488029805599615,0.095,0.05447099939986585
543,Serbia,23,I,0.0064441428571428575,8520.0,0.30488029805599615,0.095,0.034631270519292545
544,Serbia,23,J,0.03531922222222221,8520.0,0.30488029805599615,0.095,0.043139054612207434
545,Serbia,23,L,0.0,8520.0,0.30488029805599615,0.095,0.0017297984255304128
546,Serbia,23,M,0.01803324999999999,8520.0,0.30488029805599615,0.095,0.04080912203904402
547,Serbia,23,N,0.005049166666666667,8520.0,0.30488029805599615,0.095,0.025382144244007487
548,Serbia,23,S,0.0,8520.0,0.30488029805599615,0.095,0.018039326437674304
549,Serbia,24,C,0.036293560975609755,8900.0,0.31613231922559043,0.086,0.19216256447536956
550,Serbia,24,D,0.012658,8900.0,0.31613231922559043,0.086,0.012393118011562294
551,Serbia,24,E,0.013245,8900.0,0.31613231922559043,0.086,0.013189323917333056
552,Serbia,24,F,0.00137775,8900.0,0.31613231922559043,0.086,0.05999238411742306
553,Serbia,24,G,0.0135939,8900.0,0.31613231922559043,0.086,0.13352026863294908
554,Serbia,24,H,0.023766249999999975,8900.0,0.31613231922559043,0.086,0.05542285457126043
555,Serbia,24,I,0.0013830000000000001,8900.0,0.31613231922559043,0.086,0.03700626579430194
556,Serbia,24,J,0.0890038,8900.0,0.31613231922559043,0.086,0.04334129539239104
557,Serbia,24,L,0.0,8900.0,0.31613231922559043,0.086,0.002492470661543255
558,Serbia,24,M,0.059560999999999996,8900.0,0.31613231922559043,0.086,0.04330667774431406
559,Serbia,24,N,0.033687875,8900.0,0.31613231922559043,0.086,0.023436147748121996
560,Serbia,24,S,0.0,8900.0,0.31613231922559043,0.086,0.019212794682729257
561,Slovakia,23,C,0.024820379310344826,18610.0,0.31481698503847805,0.057999999999999996,0.23362030637403502
562,Slovakia,23,D,0.024954499999999973,18610.0,0.31481698503847805,0.057999999999999996,0.006588254314700295
563,Slovakia,23,E,0.005322,18610.0,0.31481698503847805,0.057999999999999996,0.005173598480255447
564,Slovakia,23,F,0.01020175,18610.0,0.31481698503847805,0.057999999999999996,0.1065842124408876
565,Slovakia,23,G,0.01830386666666667,18610.0,0.31481698503847805,0.057999999999999996,0.13313932339032375
566,Slovakia,23,H,0.00828725,18610.0,0.31481698503847805,0.057999999999999996,0.06689301160017784
567,Slovakia,23,I,0.014793714285714285,18610.0,0.31481698503847805,0.057999999999999996,0.03807445131562993
568,Slovakia,23,J,0.05069699999999999,18610.0,0.31481698503847805,0.057999999999999996,0.03803403257750293
569,Slovakia,23,L,0.016170999999999998,18610.0,0.31481698503847805,0.057999999999999996,0.0028293116688896973
570,Slovakia,23,M,0.04490830769230768,18610.0,0.31481698503847805,0.057999999999999996,0.03734691402934401
571,Slovakia,23,N,0.03460358333333333,18610.0,0.31481698503847805,0.057999999999999996,0.015520795440766339
572,Slovakia,23,S,0.0,18610.0,0.31481698503847805,0.057999999999999996,0.00953882219797098
573,Slovakia,24,C,0.03803447272727273,18980.0,0.31253414500897525,0.053,0.23464670021684872
574,Slovakia,24,D,0.032672,18980.0,0.31253414500897525,0.053,0.008223886093040384
575,Slovakia,24,E,0.01344525,18980.0,0.31253414500897525,0.053,0.003355018207111002
576,Slovakia,24,F,0.015785,18980.0,0.31253414500897525,0.053,0.10785156090176343
577,Slovakia,24,G,0.032408153846153843,18980.0,0.31253414500897525,0.053,0.13440530256536148
578,Slovakia,24,H,0.0205595,18980.0,0.31253414500897525,0.053,0.06705944928603576
579,Slovakia,24,I,0.011440285714285714,18980.0,0.31253414500897525,0.053,0.03972832535493638
580,Slovakia,24,J,0.09991566666666667,18980.0,0.31253414500897525,0.053,0.042756024712573136
581,Slovakia,24,L,0.00920625,18980.0,0.31253414500897525,0.053,0.0030276993576367583
582,Slovakia,24,M,0.07822075,18980.0,0.31253414500897525,0.053,0.03502311689374412
583,Slovakia,24,N,0.048390833333333334,18980.0,0.31253414500897525,0.053,0.005687165009614991
584,Slovakia,24,S,0.02272725,18980.0,0.31253414500897525,0.053,0.010719692320281495
585,Slovenia,23,C,0.0567465641025641,25050.0,0.36881698268755153,0.037000000000000005,0.23289391086001254
586,Slovenia,23,D,0.21173474999999997,25050.0,0.36881698268755153,0.037000000000000005,0.006800585896631094
587,Slovenia,23,E,0.0,25050.0,0.36881698268755153,0.037000000000000005,0.014228918183720443
588,Slovenia,23,F,0.00875825,25050.0,0.36881698268755153,0.037000000000000005,0.06894747855199833
589,Slovenia,23,G,0.04259491666666667,25050.0,0.36881698268755153,0.037000000000000005,0.12962962962962962
590,Slovenia,23,H,0.018742750000000002,25050.0,0.36881698268755153,0.037000000000000005,0.04885959405733417
591,Slovenia,23,I,0.013794857142857142,25050.0,0.36881698268755153,0.037000000000000005,0.04205900816070308
592,Slovenia,23,J,0.07877199999999998,25050.0,0.36881698268755153,0.037000000000000005,0.030550324335635072
593,Slovenia,23,L,0.029618333333333333,25050.0,0.36881698268755153,0.037000000000000005,0.0014647415777359278
594,Slovenia,23,M,0.08032764285714286,25050.0,0.36881698268755153,0.037000000000000005,0.06737811257585269
595,Slovenia,23,N,0.02718033333333333,25050.0,0.36881698268755153,0.037000000000000005,0.03682778824021762
596,Slovenia,23,S,0.0,25050.0,0.36881698268755153,0.037000000000000005,0.019041640510567063
597,Slovenia,24,C,0.0849292,25380.0,0.3726030191758466,0.037000000000000005,0.23521533072326398
598,Slovenia,24,D,0.15335566666666667,25380.0,0.3726030191758466,0.037000000000000005,0.007727179064496189
599,Slovenia,24,E,0.0194075,25380.0,0.3726030191758466,0.037000000000000005,0.013290747990933443
600,Slovenia,24,F,0.02985875,25380.0,0.3726030191758466,0.037000000000000005,0.06562950752112096
601,Slovenia,24,G,0.060272533333333336,25380.0,0.3726030191758466,0.037000000000000005,0.12651967854935092
602,Slovenia,24,H,0.047428250000000005,25380.0,0.3726030191758466,0.037000000000000005,0.05130846898825468
603,Slovenia,24,I,0.07726885714285714,25380.0,0.3726030191758466,0.037000000000000005,0.04224191221924583
604,Slovenia,24,J,0.16224355555555559,25380.0,0.3726030191758466,0.037000000000000005,0.03513290747990933
605,Slovenia,24,L,0.021437333333333298,25380.0,0.3726030191758466,0.037000000000000005,0.0016484648670925203
606,Slovenia,24,M,0.07905783333333334,25380.0,0.3726030191758466,0.037000000000000005,0.064187100762415
607,Slovenia,24,N,0.0433121,25380.0,0.3726030191758466,0.037000000000000005,0.03636925613022872
608,Slovenia,24,S,0.04805775,25380.0,0.3726030191758466,0.037000000000000005,0.0206058108386565
609,Spain,23,C,0.022236449999999998,27150.0,0.46447497781934155,0.122,0.12051958844666474
610,Spain,23,F,0.0094435,27150.0,0.46447497781934155,0.122,0.06601568586713759
611,Spain,23,G,0.012507166666666661,27150.0,0.46447497781934155,0.122,0.1480524876878692
612,Spain,23,H,0.015674875,27150.0,0.46447497781934155,0.122,0.05558991987081117
613,Spain,23,I,0.012780000000000001,27150.0,0.46447497781934155,0.122,0.08292922472530846
614,Spain,23,J,0.06510725,27150.0,0.46447497781934155,0.122,0.035578870825325924
615,Spain,23,L,0.023388,27150.0,0.46447497781934155,0.122,0.008159295127559814
616,Spain,23,M,0.031748749999999985,27150.0,0.46447497781934155,0.122,0.057511698294952854
617,Spain,23,N,0.023583500000000004,27150.0,0.46447497781934155,0.122,0.05064145847400405
618,Spain,24,C,0.04725950877192982,27740.0,0.4678287895361994,0.114,0.12011178345420111
619,Spain,24,E,0.0225065,27740.0,0.4678287895361994,0.114,0.006808628574068086
620,Spain,24,F,0.00733575,27740.0,0.4678287895361994,0.114,0.06762437064067624
621,Spain,24,G,0.018014695652173906,27740.0,0.4678287895361994,0.114,0.14452861564044528
622,Spain,24,H,0.01454725,27740.0,0.4678287895361994,0.114,0.0557300568155573
623,Spain,24,I,0.01564242857142857,27740.0,0.4678287895361994,0.114,0.08551896161485519
624,Spain,24,J,0.113307,27740.0,0.4678287895361994,0.114,0.038412859716384126
625,Spain,24,L,0.02917375,27740.0,0.4678287895361994,0.114,0.007589265093075894
626,Spain,24,M,0.0668312857142857,27740.0,0.4678287895361994,0.114,0.05732828306157328
627,Spain,24,N,0.03502541666666667,27740.0,0.4678287895361994,0.114,0.05186844657951869
628,Spain,24,S,0.0093875,27740.0,0.4678287895361994,0.114,0.023594623308235946
629,Sweden,23,C,0.0380414081632653,48510.0,0.48100415101798777,0.077,0.09964065904659963
630,Sweden,23,D,0.05026225,48510.0,0.48100415101798777,0.077,0.0043770786345043765
631,Sweden,23,E,0.01957575,48510.0,0.48100415101798777,0.077,0.0032302458045032297
632,Sweden,23,F,0.006947,48510.0,0.48100415101798777,0.077,0.062120111625062126
633,Sweden,23,G,0.034129692307692305,48510.0,0.48100415101798777,0.077,0.10204900798960204
634,Sweden,23,H,0.01185325,48510.0,0.48100415101798777,0.077,0.04377078634504377
635,Sweden,23,I,0.021769833333333335,48510.0,0.48100415101798777,0.077,0.029186895523529183
636,Sweden,23,J,0.09490241666666667,48510.0,0.48100415101798777,0.077,0.060724798348560725
637,Sweden,23,L,0.044380249999999996,48510.0,0.48100415101798777,0.077,0.017298061852517296
638,Sweden,23,M,0.06798238461538461,48510.0,0.48100415101798777,0.077,0.105011659467105
639,Sweden,23,N,0.0320961,48510.0,0.48100415101798777,0.077,0.0452043273825452
640,Sweden,23,S,0.01666675,48510.0,0.48100415101798777,0.077,0.02496272793302496
641,Sweden,24,C,0.052773337499999996,48810.0,0.4897691082802548,0.084,0.09642328611789125
642,Sweden,24,D,0.10177875,48810.0,0.4897691082802548,0.084,0.004170590609444369
643,Sweden,24,E,0.0508055,48810.0,0.4897691082802548,0.084,0.0038054236897234342
644,Sweden,24,F,0.019471692307692308,48810.0,0.4897691082802548,0.084,0.061290384578424395
645,Sweden,24,G,0.05482535714285714,48810.0,0.4897691082802548,0.084,0.10115123676269915
646,Sweden,24,H,0.02457869230769231,48810.0,0.4897691082802548,0.084,0.044454267648132845
647,Sweden,24,I,0.026790304347826085,48810.0,0.4897691082802548,0.084,0.03121216198035786
648,Sweden,24,J,0.1390425,48810.0,0.4897691082802548,0.084,0.05735042570775114
649,Sweden,24,L,0.03841469230769231,48810.0,0.4897691082802548,0.084,0.016682362437777477
650,Sweden,24,M,0.11725729999999998,48810.0,0.4897691082802548,0.084,0.10847379446868215
651,Sweden,24,N,0.04976110526315789,48810.0,0.4897691082802548,0.084,0.04628010224673752
652,Sweden,24,S,0.0,48810.0,0.4897691082802548,0.084,0.024485402932866943
